index,water,coffee,tea,juice,milk,soda,energy drink,milkshake,smoothie,alcohol,liquor,beer,wine,cider,vodka,rum,whiskey,champagne
Arab,0.1935770852442214,0.21708540149095826,0.5921241507924639,-0.19736199453097278,0.5764435243597188,0.41752945477749703,0.0916509619602851,0.5974508443046219,-0.061759285492316726,-0.0739900106230013,-0.006258286061816665,0.23031554693801537,0.7489229478593423,0.8828192514319966,0.35297486021097624,0.7583241235034304,-0.08441123260705492,-0.6347835208612121
Asian,-0.1436481827971433,0.4840946872563803,0.42846260371596334,0.007668975077012182,0.21939128847512657,0.6747131866634453,0.5709328683667926,0.9102348920501593,0.7887377927960821,-0.06740159911337232,0.2412970364576716,0.3037801106199187,0.06441491719778836,0.6491765702805358,0.32822820109130924,0.8454334948288037,0.005408768311453609,-0.2002200279949048
Black,-0.1322918298863326,-0.1547774115683736,-0.11977025729592514,0.046882133770456844,0.2696293162192111,0.26001201346511593,0.8046759405423394,0.3167522890352663,0.1540142029079418,0.5968828472903843,0.684251837251197,0.39313947238519065,0.1582985430346064,0.27665468693693435,0.7858621331376493,0.4225131689672925,0.6390564077313682,-0.2006068904084318
Hispanic,-0.159310038437479,0.6954322168086472,-0.341191865640011,0.0848532115795065,0.25574518087398257,1.07750221840829,0.45114042498575985,0.8375802291125457,0.7801234365906429,0.18718339732573977,0.36962655001092304,0.5302937297110605,0.17813422009268243,0.5457425591243212,0.5147615935221148,0.6025223331573702,0.3095429312957691,-0.23071275983341305
Latino,-0.3365059284325323,0.3823479683766331,-0.6868765183792853,0.018940334533173394,-0.03263422012014512,0.95310968593871,0.36733706513951964,0.600975261421532,0.6677805982314095,0.558025239930044,0.4553556268981434,0.6519257813488205,0.2498995248872381,0.2110710934353571,0.5047084358928485,0.63461452078335,0.3533986659278805,-0.43179386012230503
White,0.050820943895009935,0.32643927760119384,0.4565073728027192,0.12894135178569804,0.5604766127906082,0.40589548222997857,0.7832678661380134,0.5942839680308666,0.28389926004857935,0.3250615393644689,0.44130025559479535,0.2861700922734701,0.18642019565425455,0.5014294897100774,0.6324281916755246,0.4230103726140486,0.42815569779022344,-0.16448282764970726
