index,water,coffee,tea,juice,milk,soda,energy drink,milkshake,smoothie,alcohol,liquor,beer,wine,cider,vodka,rum,whiskey,champagne
Arab,0.1734934422066945,0.09806916329671012,0.22334083330980048,0.24130383968202812,-0.03360665825232706,0.30724422825223036,1.1495206337350947,0.5283349778748919,0.014203877886232326,0.6715095951983635,0.6005906165710617,0.13828360927133765,0.13439541353824752,0.057049905364822524,1.0984191620110313,1.277212812848646,0.2380341448472844,-0.3305342964716506
Asian,0.06607209729550671,0.7759227227756492,0.9635827995645492,0.8965337079796224,0.2519505086437722,1.1019052784117969,1.5475137234552379,1.0840087373523601,0.7472415830721838,0.9280623777651827,1.0850330070489018,0.5190316045768698,0.05430991460256319,0.36418436672618876,0.7970817554606673,1.2556574302185741,0.20413246612006092,-0.16293578445166193
Black,-1.0786064536924387,-0.1716358360484585,-0.4335883643309472,-0.164966654931636,-0.6053989360605426,0.33711256212840296,0.782585980375079,0.13564244776226464,-0.27379324120597537,0.671563231833579,0.7241359240537851,0.16633178833785578,-0.26549741959414686,0.09696425276817963,0.4781084565009758,0.9543092334327261,1.0010703888495618,-0.41885729689340373
Hispanic,-0.43008072802857844,1.4114658075110218,-0.06453902434663612,0.6520181854091225,-0.07515669561139197,1.263778579809109,0.7759420208834659,0.8620368231848095,0.6141960656052895,0.4662038242045132,0.7669916451595145,0.7494924576336439,0.36412022873693084,-0.20428128035183024,0.5036301958408741,0.810939438631087,0.7793848911484663,-0.017654331835491834
Latino,-0.5793117887237101,0.8132790428993333,-0.8813245759664102,0.45385817647684895,-0.8760657629985613,1.193405305785177,1.0411203012404986,0.39188824758766017,0.5973959287038365,0.8887057352869236,1.151969293249735,0.9378568020112933,-0.044990672785841186,-0.4863765291704966,0.6498482901238543,0.6956645517686864,0.712502548123245,-0.22544786805623168
White,-0.6400553247483587,-0.03694223474294617,-0.0017441592397062606,-0.025460162440361363,-0.11860585538697012,0.5311807695353211,0.79861490883965,0.33197371566218153,-0.1792089937743318,0.703714404507263,0.7083587192121522,0.25444589820875285,-0.006715542088065597,0.5814342891629327,0.46954248554486117,0.8832684688434274,0.6274611989497978,-0.4175958070019429
