index,water,coffee,tea,juice,milk,soda,energy drink,milkshake,smoothie,alcohol,liquor,beer,wine,cider,vodka,rum,whiskey,champagne
Arab,-1.3124135889333313,0.706472352490074,0.07393751405092916,-0.8976383884900597,-0.6952110037873025,-0.5391308723012065,-1.2360267489830152,-0.7847794384921302,-1.4519744575778615,-0.49324648440167923,0.1670930265674375,0.4586083744157546,0.3816081989979175,0.045018736463754414,0.6415439190730732,0.6443582012165805,0.2638035231491175,-0.27227271465769703
Asian,-0.5035588061080741,1.1757144446571623,0.6270649689013901,0.3950659974917793,-0.34274939471268184,0.6748789887485889,0.17700100494767695,0.5407862040727429,0.5296451058278774,0.09599342976533005,-0.5988545310770789,0.8278512024038289,-0.1386277249151727,-0.01813742160661724,0.6658874902468522,0.5079270178706793,-0.013048691139117751,0.0005446169889698694
Black,-0.6760710924598182,0.965854583932229,-0.006345229314233941,0.0007160620943854323,-0.4375209841563351,0.4091257397677313,0.2498988560640379,0.7588657921656103,-0.04205473199005058,-0.21542732350643504,0.15342671597424548,0.8485778856150141,0.08132626680164506,0.8428219733427884,1.061074478031522,1.0543381662416553,1.214459476258313,0.41491233485932366
Hispanic,-1.074770569267314,1.3885885028098683,-0.23091753588528308,0.3459552724014792,-0.5788244242336831,1.355041553211285,0.4062891807633702,0.8685598727481787,-0.3574310996047889,0.24950209842665613,-0.14995802048747361,1.290350350907433,0.46034294554555677,0.41271850894485573,0.8908716698832297,1.0056976278357947,0.8739359420657946,0.35881938545900766
Latino,-1.0408034023720538,1.47724532443851,-0.21796184722336806,0.5984813365056323,-0.7151228500565743,1.081066196606248,0.440842985672741,1.1489893946475183,0.3449994401196046,0.1049482461004668,-0.27634627539010626,1.396126003555654,0.3669698610541688,0.2756084870282656,1.0604885760369638,0.9826497265033862,0.7956096725404643,0.509206559621888
White,-0.40649784802606914,0.7196269328841788,0.39207596653943083,-0.07335144481457631,0.23719512015927635,0.41519599391713685,-0.18128814607064206,1.014400384951571,-0.02713916905273978,-0.3412003665009962,0.03630898844528736,0.785024559464292,0.37411924488027326,0.9595884706014092,0.74566453697149,0.9383699996992511,0.9561198745612093,0.7236432351679739
