index,water,coffee,tea,juice,milk,soda,energy drink,milkshake,smoothie,alcohol,liquor,beer,wine,cider,vodka,rum,whiskey,champagne
Arab,-0.37024124990191054,-0.22890943877802367,-0.21735268317007764,-0.7106300102097416,-0.14925355062745924,-0.4884244127241158,-0.46686756368675425,-0.6731018524171956,-0.8873727473367382,0.07432235487588111,0.09331123935609088,0.15062536391098091,0.3578626553754467,-0.21270266502732915,0.2822278983549563,-0.008436234694585421,0.10875519203864814,0.05623108706640333
Asian,-0.3804288716356103,0.37319330917714333,0.41108997840976597,-0.022810163635437832,0.12061262352325385,0.19862730361079858,-0.008092389165262328,0.10556641879019238,-0.06298737993948476,0.23830172029277355,-0.015697434282730835,0.5754409834469635,0.010236078492715454,-0.06401129823019285,0.3245331813698203,0.360790862716525,0.0745788518028556,0.32651583056350186
Black,-0.40064040464247835,0.15198135087623238,-0.04049860254379657,-0.3606539832254316,-0.0904319116977362,0.2625673944028104,0.34923563146885805,0.12754023365139736,-0.04731722394077043,0.31251363786330294,0.31427453655060983,0.5303464310444165,0.087861279184946,0.3071668446069077,0.7646277241341898,0.564916008087059,0.6183466812000977,0.5818350309758994
Hispanic,-0.5411926187830578,0.05994487306001855,-0.5520545386948393,-0.4042857898591215,-0.2165499118102119,0.35259690289558,-0.2825093135753754,-0.46598718039039067,-0.5887574622057531,0.6829361879050306,0.3859187117327658,0.34104326284992914,-0.25846063615830156,-0.365558740633879,0.4622545682351944,0.29276200520610407,0.3114121495388262,-0.21940201209827345
Latino,-0.8206005809219624,0.18455108336214657,-0.5313097560705484,-0.3684319786372891,-0.6015365107223377,0.19785635106558871,-0.16340293058248892,-0.4389600447317584,-0.3401327770372697,0.5493682706824999,0.21574615217368512,0.5336967045519144,-0.24832440687641202,-0.2871548264313503,0.629231741334833,0.377400573399876,0.30629972176416953,0.20967673115682128
White,0.0017810757290810412,0.12493296337859247,-0.011398688879019143,-0.43629963938183397,0.1321282113099173,0.2750223655383407,0.13909783738145493,0.12545872060978602,-0.04857463963884647,0.21629724409159,0.0014964285999249135,0.28969705629664216,0.10509782109339483,0.21983331771080677,0.3369755498280775,0.28546122952506586,0.3891797280908169,0.5858915478667192
